,Theme,Nudges
0,Water Saved,Adopt cultivation of less water intensive crops like millets duyf
1,Water Saved,Adopt cultivation of less water intensive crops like millets BPCL displayed LiFE logo and creatives at Retail Outlets of Eastern Region during month of January 2023.
3,Water Saved,"Adopt cultivation of less water intensive crops like millets RMNH, Bhopal- @NMNHIndia @moefcc organised Green Pledge, Green Talk, Video Presentation through Kiosk and Signature Campaign to create Awareness on LiFE: Lifestyle For Environment under #LiFEMission on 21st March, 2023 #ChooseLiFE #ProPlanetPeople"
5,Water Saved,"Adopt cultivation of less water intensive crops like millets HFRI organized an event on MissonLiFE theme ""Rainwater Harvesting"" at Kendriya Vidyalaya, Ghumarwin, Bilaspur, HP on 6th February, 2023."
9,Water Saved,Adopt cultivation of less water intensive crops like millets kjhure
10,Water Saved,Adopt cultivation of less water intensive crops like millets â€œRainwater Harvestingâ€
12,Water Saved,"Adopt cultivation of less water intensive crops like millets RMNH Mysore, NMNH - MoEFCC organised Green Talk/interaction on #Mission LiFE - #Lifestyle for Environment# on 08th March 2023 in which 216 students and general public participated #ChooseLiFE"
15,Water Saved,"Adopt cultivation of less water intensive crops like millets RMNH, Bhopal- @NMNHIndia @moefcc organised Green Pledge, Green Talk, Video Presentation through Kiosk and Signature Campaign to create Awareness on LiFE: Lifestyle For Environment under #LiFEMission on 28th March, 2023 #ChooseLiFE #ProPlanetPeople"
23,Water Saved,Adopt cultivation of less water intensive crops like millets Green Talk/interaction on #Mission LiFE
30,Water Saved,Adopt cultivation of less water intensive crops like millets BPCL Retail Outlets (Eastern Region) - January-2023.
36,Single-Use Plastic Reduced,Carry your own water bottle wherever possible the state of Haryana has banned the use of pet bottles in the all the Â Government offices and being complied with.
37,LiFEStyles Adopted,Compost food waste at home Promotion of #MissionLiFE on social media and showcasing of pictures and vidoes on how natural medicines and organic products can support Mission LiFE in the Consulate.
38,LiFEStyles Adopted,Compost food waste at home Healthy Lifestyle Ã¢â‚¬â€œ To practice an efficient waste management at home by properly segregating kitchen waste.Â #MissionLiFE
39,LiFEStyles Adopted,Create kitchen gardens/ terrace gardens at homes/ schools/ offices test test test test testÂ 
40,Water Saved,Create rainwater harvesting infrastructure in home/ schools/ offices Green Talk/interaction on #Mission LiFE
41,Water Saved,"Create rainwater harvesting infrastructure in home/ schools/ offices RMNH, Bhopal- @NMNHIndia @moefcc organised Green Pledge, Green Talk, Video Presentation through Kiosk and Signature Campaign to create Awareness on LiFE: Lifestyle For Environment under #LiFEMission on 16th April, 2023. #ChooseLiFE #ProPlanetPeople"
42,Water Saved,"Create rainwater harvesting infrastructure in home/ schools/ offices RMNH, Bhopal- NMNH, New Delhi- MoEF&CC organised Green Talk,Green Pledge, Video Presentation through Kiosk and Signature Campaign to create Awareness on LiFE: Lifestyle For Environment under #LiFEMission on 15th March, 2023 for 225 beneficiaries.
#LiFEMission #ChooseLiFE"
43,Water Saved,"Create rainwater harvesting infrastructure in home/ schools/ offices RMNH, Bhopal- NMNH, New Delhi- MoEF&CC organised Green Talk,Green Pledge, Video Presentation through Kiosk and Signature Campaign to create Awareness on LiFE: Lifestyle For Environment under #LiFEMission Â on 15th March, 2023 for 225 beneficiaries."
44,Water Saved,"Create rainwater harvesting infrastructure in home/ schools/ offices RMNH, Bhopal- NMNH, New Delhi- MoEF&CC organised Green Pledge, Green Talk, Video Presentation through Kiosk and Signature Campaign to create Awareness on LiFE: Lifestyle For Environment under #LiFEMission on 18th March, 2023 for (140 Students of Siddharth Excellence School, Bhopal and 364 general visitors of museum) 504 beneficiaries."
45,Water Saved,"Create rainwater harvesting infrastructure in home/ schools/ offices RMNH, Bhopal- @NMNHIndia @moefcc organised Green Talk, Video Presentation through Kiosk and Signature Campaign to create Awareness on LiFE: Lifestyle For Environment under #LiFEMission on 05th April, 2023 #ChooseLiFE #ProPlanetPeople"
46,Water Saved,"Create rainwater harvesting infrastructure in home/ schools/ offices RMNH, Bhopal- @NMNHIndia @moefcc organised Green Pledge, Green Talk, Video Presentation through Kiosk and Signature Campaign to create Awareness on LiFE: Lifestyle For Environment under #LiFEMission on 01st April, 2023 #ChooseLiFE #ProPlanetPeople"
47,Water Saved,"Create rainwater harvesting infrastructure in home/ schools/ offices RMNH, Bhopal- @NMNHIndia @moefcc organised Green Talk, Video Presentation through Kiosk and Signature Campaign to create Awareness on LiFE: Lifestyle For Environment under #LiFEMission on 26th March, 2023 #ChooseLiFE #ProPlanetPeople"
52,Water Saved,"Create rainwater harvesting infrastructure in home/ schools/ offices RMNH, Bhopal- @NMNHIndia @moefcc organised Green Pledge, Green Talk, Video Presentation through Kiosk and Signature Campaign to create Awareness on LiFE: Lifestyle For Environment under #LiFEMission on 22nd March, 2023 #ChooseLiFE #ProPlanetPeople"
54,Water Saved,"Create rainwater harvesting infrastructure in home/ schools/ offices RMNH Mysore, @NMNHIndia - @moefcc organised Green Talk/interaction on #Mission LiFE - Lifestyle for Environment on 10th March 2023 in which 112 students and general public participated #ChooseLiFE #ProPlanetPeople"
56,Water Saved,"Create rainwater harvesting infrastructure in home/ schools/ offices RMNH Mysore, @NMNHIndia - @moefcc organised Green Talk/interaction on #Mission LiFE - Lifestyle for Environment on 09th March 2023 in which 153 students and general public participated #ChooseLiFE #ProPlanetPeople"
57,Water Saved,"Create rainwater harvesting infrastructure in home/ schools/ offices RMNH, Bhopal- NMNH, New Delhi- MoEF&CC organised Green Pledge, Green Talk, Video Presentation through Kiosk and Signature Campaign to create Awareness on LiFE: Lifestyle For Environment under #LiFEMission on 18th March, 2023 for (140 Students of Siddharth Excellence School, Bhopal and 364 general visitors of museum) 504 beneficiaries.#LiFEMission #ChooseLiFE"
58,Water Saved,"Create rainwater harvesting infrastructure in home/ schools/ offices Digital campaign on the Embassy Social Media handles: Facebook, Instagram and Twitter"
59,Water Saved,"Do not discard unused stored water every time there is fresh water coming in taps RMNH, Bhopal- @NMNHIndia @moefcc organised Green Pledge, Green Talk, Video Presentation through Kiosk and Signature Campaign to create Awareness on LiFE: Lifestyle For Environment under #LiFEMission on 08th April, 2023. #ChooseLiFE #ProPlanetPeople"
60,Water Saved,"Do not discard unused stored water every time there is fresh water coming in taps RMNH, Bhopal- @NMNHIndia @moefcc organised Green Talk, Video Presentation through Kiosk and Signature Campaign to create Awareness on LiFE: Lifestyle For Environment under #LiFEMission on 29th March, 2023 #ChooseLiFE #ProPlanetPeople"
63,LiFEStyles Adopted,"Encourage use of millets in food and indigenous herbs and medicinal plants for nutrition and well being Awareness on LiFE Mission , ICFRE- IFGTB, Coimbatore"
64,LiFEStyles Adopted,"Encourage use of millets in food and indigenous herbs and medicinal plants for nutrition and well being Awareness and Promotion of Mission LiFE, Encourage of use of milltes in food and indegenous herbs and medicinal plants for nutrition and well being by ICFRE-IFB, Hyderabad"
69,LiFEStyles Adopted,"Encourage use of millets in food and indigenous herbs and medicinal plants for nutrition and well being Awareness creation on Mission Life to school/college students and general public and Participation in National Level Exhibition on GSDP products in connection with National Workshop on Life at MoEF&CC, New Delhi."
74,LiFEStyles Adopted,"Encourage use of millets in food and indigenous herbs and medicinal plants for nutrition and well being BPCL conducted various Â programs Â on stress management & wellness, such as:"
77,LiFEStyles Adopted,"Encourage use of millets in food and indigenous herbs and medicinal plants for nutrition and well being A mega event was organized by the ICFRE-CEC (Coastal Ecosystem Centre), Visakhapatnam and Indira Gandhi Zoological Park (IGZP), on the occasion of World Wetlands Day, at Kondakarla Ava wetland on 2nd February 2023. In the event, ICFRE- CEC put up a stall on Ã¢â‚¬Å“The Mangroves of VisakhapatnamÃ¢â‚¬Â to create awareness amongst the public and students"
78,LiFEStyles Adopted,"Encourage use of millets in food and indigenous herbs and medicinal plants for nutrition and well being Awareness creation on LiFE Mission to school students, college students and general public in and around Coimbatore district."
79,LiFEStyles Adopted,Encourage use of millets in food and indigenous herbs and medicinal plants for nutrition and well being Bicycle Rally and Pledge Administration
81,LiFEStyles Adopted,"Encourage use of millets in food and indigenous herbs and medicinal plants for nutrition and well being The Mangroves of VisakhapatnamBeach Clean-up event Training on Cultivation Techniques of Red SandersAwareness programme on Mission LiFE Bird Walk at Kambalakonda Eco Tourism Park, VizagBiodiversity and its conservation"
82,LiFEStyles Adopted,"Encourage use of millets in food and indigenous herbs and medicinal plants for nutrition and well being Seminar on Eco-friendly lifestyle cum awareness programme on first aid treatment through naturopathy Â at ICFRE-Institute of Forest Productivity, Ranchi"
83,LiFEStyles Adopted,Encourage use of millets in food and indigenous herbs and medicinal plants for nutrition and well being Awareness Program on Mission LiFE at Â FRI Campus
84,LiFEStyles Adopted,"Encourage use of millets in food and indigenous herbs and medicinal plants for nutrition and well being Awareness Programme was conducted By ICFRE-TFRI on Practice natural or organic farming at Village Jhalwara, Katni district (MP)"
85,LiFEStyles Adopted,"Encourage use of millets in food and indigenous herbs and medicinal plants for nutrition and well being Awareness creation on LiFE Mission to school students, college students and general public in and around Coimbatore district. Awareness on LiFE Mission was also created to the Visitors of Gass Forest Museum, IFGTB and visitors of the Central Library, Coimbatore.Â  Awareness materials pertaining to theme of Mission LiFE were released during the activities and disseminated widely. In addition, documentaries pertaining to the theme were telecasted"
87,LiFEStyles Adopted,Encourage use of millets in food and indigenous herbs and medicinal plants for nutrition and well being Awareness &Â Promotion ofÂ Mission LiFE and Encourage use ofÂ milletsÂ inÂ foodÂ andÂ indigenousÂ herbsandÂ medicinalÂ plantsforÂ nutrition and well being.
88,LiFEStyles Adopted,"Encourage use of millets in food and indigenous herbs and medicinal plants for nutrition and well being Head, Extension Division, RFRI delivered a presentation on 26-01-2023 on LiFE (Lifestyle for Environment) for sensitizing all the Scientists, Officers, Supporting & Ministerial Staff, Family Members and Children on various activities of LiFE Programme. He spoke about the aims and objectives, modus operandi and possible impact of LiFE Programme. He appealed to all for little change in our behavior and mindset to the environment friendly lifestyle. He elucidated seventy five actions to be followed by ourselves in our daily life for better world. He also mentioned about the Sustainable Development Goals (SDGs) and informed that Mission LiFE contributes directly and indirectly to almost all the SDGs."
89,LiFEStyles Adopted,"Encourage use of millets in food and indigenous herbs and medicinal plants for nutrition and well being Preparation of organic manure from cow dung by ICFRE-SDC, Chhindwara"
94,LiFEStyles Adopted,"Encourage use of millets in food and indigenous herbs and medicinal plants for nutrition and well being A lecture on Ã¢â‚¬Å“Diseases in daily life and their protectionsÃ¢â‚¬Â delivered by Chief Guest Dr. D.S. Mertiya of AFRI Dispensary. During this program he provided detailed information about communicable and non-communicable diseases in human caused by the current lifestyle. To get rid of these diseases, the Dr. Mertiya told Yoga, Pranayama to be useful. He also answered various queries of the audience. Sh. M.R. Baloch, Director AFRI also expressed his views on the subject. Dr. Tarun Kant, GCR, Smt. Bhawana Sharma, HoD, Extension Division, all Scientist/Officers/Staff are present in this program. The coordination of program was done Smt. Kusum Parihar.Â "
95,LiFEStyles Adopted,Encourage use of millets in food and indigenous herbs and medicinal plants for nutrition and well being BPCL organized Awareness programs about stress management & wellness.
98,LiFEStyles Adopted,"Encourage use of millets in food and indigenous herbs and medicinal plants for nutrition and well being Presentation on LiFE for sensitizing ICFRE-RFRI, Jorhat personnel on various activities of LiFE programme"
101,LiFEStyles Adopted,Encourage use of millets in food and indigenous herbs and medicinal plants for nutrition and well being Awareness Programme on Practice natural or organic farming
105,LiFEStyles Adopted,"Encourage use of millets in food and indigenous herbs and medicinal plants for nutrition and well being Distribution of pamphlets, kits andÂ  digital repositories on Ã¢â‚¬Å“Achhi AdatÃ¢â‚¬Â in all SAGY GPs"
108,LiFEStyles Adopted,Encourage use of millets in food and indigenous herbs and medicinal plants for nutrition and well being Bicycle Rally
115,LiFEStyles Adopted,Encourage use of millets in food and indigenous herbs and medicinal plants for nutrition and well being Seminar on Eco-friendly lifestyle
116,LiFEStyles Adopted,"Encourage use of millets in food and indigenous herbs and medicinal plants for nutrition and well being Lecture on diseases in daily life and their protections by Dr. D.S. Mertiya organized by ICFRE-AFRI, Jodhpur"
124,LiFEStyles Adopted,"Encourage use of millets in food and indigenous herbs and medicinal plants for nutrition and well being Awareness Program on Mission LiFE 
 Painting and slogan writing competition on IDF 2023 
 Training at Haridwar and Tree Health Hazard Assessment"
131,LiFEStyles Adopted,"Encourage use of millets in food and indigenous herbs and medicinal plants for nutrition and well being Digital campaign on the Embassy Social Media handles: Facebook, Instagram and Twitter"
133,Water Saved,"Fix leaks in flushes, taps and waterpipes #Ã Â¤ÂªÃ Â¤Â¾Ã Â¤Â¨Ã Â¥â‚¬Ã Â¤Â¬Ã Â¤Å¡Ã Â¤Â¾Ã Â¤ÂÃ Â¤â€šÂ "
134,Water Saved,"Fix leaks in flushes, taps and waterpipes IOCL- DIGBOI REFINERY has completed the activity of â€œ Display of LiFE standee on Save Water â€ at 13 different locations of Digboi Refinery installations and township- Total 10 standee has been displayed."
136,Water Saved,"Fix leaks in flushes, taps and waterpipes IOCL- DIGBOI REFINERY has put up the display of LiFE standee on various themes of Save Water at different locations of refinery installations ( Refinery Main Gate, Bazar Gate,CPP Building Entrance,Technical Building,Admin Ofice ( HR Building, Entrance Gate), ETP,NTF) and township (Hospital, Guest House, Clubs). Then Â IOCL- DIGBOI REFINERYÂ has senstize the working personnel around this places regarding the concept of Mission LiFE . Total 10 Numbers of standees on five different themes on Save Water has been displayed."
137,Water Saved,"Fix leaks in flushes, taps and waterpipes #SaveWaterÂ "
138,Water Saved,"Fix leaks in flushes, taps and waterpipes à¤ªà¤¾à¤¨à¥€ à¤¬à¤šà¤¾à¤¨à¥‡ à¤•à¥‡ à¤²à¤¿à¤ à¤¨à¤²à¥‹à¤‚ à¤”à¤° à¤ªà¤¾à¤¨à¥€ à¤•à¥‡ à¤ªà¤¾à¤‡à¤ªà¥‹à¤‚ à¤®à¥‡à¤‚ à¤°à¤¿à¤¸à¤¾à¤µ à¤•à¥‹ à¤ à¥€à¤• à¤•à¤°à¥‡à¤‚"
139,Water Saved,"Fix leaks in flushes, taps and waterpipes RMNH, Bhopal- @NMNHIndia @moefcc organised Green Talk, Green pledge, Video Presentation through Kiosk and Signature Campaign to create Awareness on LiFE: Lifestyle For Environment under #LiFEMission on 11th April, 2023 #ChooseLiFE #ProPlanetPeople"
140,Water Saved,"Fix leaks in flushes, taps and waterpipes Fix leaks in flushes, taps and waterpipes to save water"
149,Water Saved,"Fix leaks in flushes, taps and waterpipes Banners on saving water was p1aced at 20 Retail Outlets under Coimbatore DO, IOCL. The customers were given phamplets and sensitised on saving water."
150,LiFEStyles Adopted,"Include millets in diets through Anganwadi, Mid-Day meal and PD scheme Lifestyle for Environment ğŸŒğŸŒ¿

Sustainable Food Systems Adopted: Prefer locally available seasonal foods ğŸŠğŸ¥¦ğŸŒ½ğŸ…"
151,LiFEStyles Adopted,"Include millets in diets through Anganwadi, Mid-Day meal and PD scheme Digital campaign on the Embassy Social Media handles: Facebook, Instagram and Twitter"
152,LiFEStyles Adopted,Initiate and/or join green clubs in your residential area/ school/ office BPCL organized various Mission LiFE events around its operating locations
155,LiFEStyles Adopted,Initiate and/or join green clubs in your residential area/ school/ office BPCL organized various awareness sessions for its stakeholders.
159,LiFEStyles Adopted,Initiate and/or join green clubs in your residential area/ school/ office HPCL organised Poster making competition for primary school students at Purnea
161,LiFEStyles Adopted,Initiate and/or join green clubs in your residential area/ school/ office HPCL organised Ã¢â‚¬Å“Knowledge Sharing Workshop on Petroleum Refineries under the aegis of PNGRB. The participants were made aware of # Mission LiFE Ã¢â‚¬â€œ Lifestyle for Environment wherein the participants pledged to make any possible changes in their lifestyles to protect the environment and to inform others of the importance of environment friendly practices.
164,LiFEStyles Adopted,"Initiate and/or join green clubs in your residential area/ school/ office BPCL Conducted LiFE events such as nukkad natak, drawing competitions, poster competitions, distribution of seed balls, discussions and talks at schools, Anganwadis, slum areas etc and received huge response from the different stakeholders."
166,LiFEStyles Adopted,"Initiate and/or join green clubs in your residential area/ school/ office HPCL Lubes SBU organised Nukkad Natak at various public places in Mumbai (Chembur, Lower Parel, Bandra) in local dialect for spreading awareness on Environment protection through Mission LiFE."
167,LiFEStyles Adopted,Initiate and/or join green clubs in your residential area/ school/ office Drawing competitions-Display of LiFe logo-Energy Conservation-â€ under â€œLifestyle for the Environment (LiFe)â€
168,LiFEStyles Adopted,Initiate and/or join green clubs in your residential area/ school/ office IOCL- GUJARAT REFINERY has performed the Activity Ã¢â‚¬Å“ Drawing competitions-Display of LiFe logo-Energy Conservation-Ã¢â‚¬Â under Ã¢â‚¬Å“Lifestyle for the Environment (LiFe)Ã¢â‚¬ÂÂ has completed in Gujarat Refinery on 26.02.2023 at Gujarat Refinery Township Ã¢â‚¬Å“ Spandan HallÃ¢â‚¬Â
169,LiFEStyles Adopted,Initiate and/or join green clubs in your residential area/ school/ office HPCL disseminated awareness in general public through its official handles in social media platforms.
170,LiFEStyles Adopted,"Initiate and/or join green clubs in your residential area/ school/ office HPCL Locations organised awareness sessions for Creating awareness about Stress management & wellness. (Session on healthy lifestyle, stress management etc.)"
199,LiFEStyles Adopted,Initiate and/or join green clubs in your residential area/ school/ office Awareness Camp on LPG Safety and Mission Life for stakeholders majorly women and at villages along the ROU of HPCL Palanpur Vadodara pipeline
200,Water Saved,"Invest in a water meter for your house to measure water consumption regularly RMNH, Bhopal- @NMNHIndia @moefcc organised Green Talk, Video Presentation through Kiosk and Signature Campaign to create Awareness on LiFE: Lifestyle For Environment under #LiFEMission on 13th April, 2023. #ChooseLiFE #ProPlanetPeople"
202,Energy Saved,Keep temperature of Air Conditioners to 24 degrees Embassy of India organized plantation of 75 trees for clean environment. The Mission provided two earthen pots for drinking water for Embassy members and visitor. Mission has started using manure for its garden at Embassy and Embassy residence. The Mission also issue circular to all members of the Embassy on LiFE. The Mission is planning to screen the documentary on â€˜Save Energy Save Environmentâ€™ in Chancery
207,Energy Saved,Keep temperature of Air Conditioners to 24 degrees Embassy of India organized plantation of 75 trees for clean environment. The Mission provided two earthen pots for drinking water for Embassy members and visitor. Mission has started using manure for its garden at Embassy and Embassy residence. The Mission also issue circular to all members of the Embassy on LiFE. The Mission is planning to screen the documentary on Ã¢â‚¬ËœSave Energy Save EnvironmentÃ¢â‚¬â„¢ in Chancery
208,Energy Saved,Keep your electronic devices in energy-saving mode Use your appliances on Energy saving mode
209,Energy Saved,Keep your electronic devices in energy-saving mode #LifestyleForEnvironment
210,Single-Use Plastic Reduced,Participate in and mobilize participation for clean-up drives of cities and water bodies Plogging at Mahandi River Estuary for clean-up of plastic waste.
211,Single-Use Plastic Reduced,"Participate in and mobilize participation for clean-up drives of cities and water bodies IOCL Paradip Refinery organised an event of Ã¢â‚¬Å“PloggingÃ¢â‚¬Â primarily of the plastic wastes at Mahanadi River Estuary, Paradip, Odisha for conserving the beaches and water bodies. A good span of the beach area was cleaned during the event and trash collected was sent for disposal through authorised recyclers and Paradip Municipality. After the Plogging event, a tree plantation drive of native species was also carried out in the adjoining coastal area."
212,Water Saved,"Participate in recharge of rural water bodies through Amrit Sarovar Scheme RMNH, Bhopal- NMNH, New Delhi- MoEF&CC organised Green Pledge, Green Talk, Video Presentation through Kiosk and Signature Campaign to create Awareness on LiFE: Lifestyle For Environment under #LiFEMission on 17th March, 2023 for (62 In service teachers from Institute of Advanced Study in Education, Bhopal and 210 general visitors of museum) 272 beneficiaries."
213,Water Saved,"Participate in recharge of rural water bodies through Amrit Sarovar Scheme RMNH, Bhopal- NMNH, New Delhi- MoEF&CC organised Green Pledge, Green Talk, Video Presentation through Kiosk and Signature Campaign to create Awareness on LiFE: Lifestyle For Environment under #LiFEMission on 19th March, 2023 for 230 beneficiaries."
215,Water Saved,"Participate in recharge of rural water bodies through Amrit Sarovar Scheme RMNH, Bhopal- NMNH, New Delhi- MoEF&CC organised Green Pledge, Green Talk, Video Presentation through Kiosk and Signature Campaign to create Awareness on LiFE: Lifestyle For Environment under #LiFEMission on 17th March, 2023 for (62 In service teachers from Institute of Advanced Study in Education, Bhopal and 210 general visitors of museum) 272 beneficiaries.#LiFEMission #ChooseLiFE"
217,Energy Saved,"Plant medicinal plants such as neem, tulsi, giloy, mint, curry leaves, ashwagandha, curry leaves etc. within household premises Plant medicinal plants such as neem, tulsi, giloy, mint, curry leaves, ashwagandha, curry leaves etc. within household premises. 
Plant trees to reduce the impact of pollution."
219,Energy Saved,"Plant medicinal plants such as neem, tulsi, giloy, mint, curry leaves, ashwagandha, curry leaves etc. within household premises Information given to the students regarding the importance of celebrating 5th June as World Environment Day. A brief Lecture was delivered by Dr. Ashutosh Birla on Planting trees to reduce the impact of pollution and Described the relevance of trees in Indian culture. Oath was taken by the students to save guard the environment."
220,LiFEStyles Adopted,"Plant medicinal plants such as neem, tulsi, giloy, mint, curry leaves, ashwagandha, curry leaves etc. within household premises HPCL Mumbai LPG RO participated in Plant, Flower, Fruit & Vegetable Exhibition organized by BMC at Byculla from 3rd to 5th"
238,LiFEStyles Adopted,Plant trees to reduce the impact of pollution A Plantation Drive was organized
239,LiFEStyles Adopted,Plant trees to reduce the impact of pollution Tree planting event to mark World Environment Day.
240,LiFEStyles Adopted,Plant trees to reduce the impact of pollution NSS unit MAM college of Jammu conducted a Plantation Drive in the collegeÂ 
241,LiFEStyles Adopted,Plant trees to reduce the impact of pollution 50 No. of Tree plantation was done by IOCL Rewari Terminal Marketing Division at Government school Karnawas open vaccant area.
242,LiFEStyles Adopted,Plant trees to reduce the impact of pollution Poster Making competition on the topic of of Air Pollution
246,LiFEStyles Adopted,Plant trees to reduce the impact of pollution Distribution of 100 seed balls to workmen at HPCL Mumbai Pune Solapur Pipeline - Talegaon
247,LiFEStyles Adopted,Plant trees to reduce the impact of pollution Tree plantation drive with students and teachers of the 79 Indira Gandhi School. Students from Erazmus+ project Beli(e)ve in a Green World were very excited to be part of such initiative and planted the beautiful trees gift from the Indian Embassy and Sofia Municipality.Â 
253,LiFEStyles Adopted,Plant trees to reduce the impact of pollution Plantation Drive was organized to Save Lives
260,LiFEStyles Adopted,Plant trees to reduce the impact of pollution Tree Plantation
261,LiFEStyles Adopted,Plant trees to reduce the impact of pollution HPCL Locations carried out plantation of carbon sequestering and pollution reducing trees and seed bombing for biodiversity preservation.
266,LiFEStyles Adopted,"Plant trees to reduce the impact of pollution To mark World Environment Day and to raise awareness on Mission LiFE, High Commission of India in association with Indian Country Club, Lilongwe organised a tree planting event on 4 June 2023 at the Indian Country Club, Lilongwe."
272,LiFEStyles Adopted,Plant trees to reduce the impact of pollution NSS unit of GD Goenka University organized the Ã¢â‚¬Å“Save Trees Save EarthÃ¢â‚¬Â tree plantation activity
274,LiFEStyles Adopted,"Plant trees to reduce the impact of pollution IOCL Paradip Refinery planted saplings on the occasion of world environment day at Ecopark, Paradip Refinery, Odisha for ecosystem restoration."
282,LiFEStyles Adopted,Plant trees to reduce the impact of pollution An awareness programme was organized by GGM Science College on the topic of Air PollutionÂ 
284,LiFEStyles Adopted,Plant trees to reduce the impact of pollution Sapling plantation
285,Water Saved,Practice crop diversification. Move from rice & wheat cultivation to pulse & oil seed cropping system. GTSEt GTSEt GTSEt GTSEt GTSEt GTSEt GTSEt GTSEt GTSEt GTSEt GTSEt GTSEt GTSEt GTSEtÂ 
286,Water Saved,Pre-soak heavy pots and pans before washing them Poster displayed and awareness created onÂ Pre-soak heavy pots and pans before washing them among the canteen employees.
287,Water Saved,Pre-soak heavy pots and pans before washing them WATER SAVING
288,Water Saved,"Pre-soak heavy pots and pans before washing them RMNH, Bhopal- @NMNHIndia @moefcc organised Green Pledge, Green Talk, Video Presentation through Kiosk and Signature Campaign to create Awareness on LiFE: Lifestyle For Environment under #LiFEMission on 07th April, 2023. #ChooseLiFE #ProPlanetPeople"
290,Energy Saved,Prefer CNG/ EV vehicle over petrol/ diesel vehicles BPCL is Selling High Performance domestic LPG cooking stove with thermal efficiency of 74%.
291,Energy Saved,Prefer CNG/ EV vehicle over petrol/ diesel vehicles Awareness on alternate Fuels CNG/EV
295,Energy Saved,Prefer CNG/ EV vehicle over petrol/ diesel vehicles test by sahil test by sahil test by sahil test by sahil test by sahilÂ 
296,Energy Saved,"Prefer CNG/ EV vehicle over petrol/ diesel vehicles An awareness meeting on Â alternate Fuels CNG/EVs is conducted in Vellore Â RSA of IOCL Chennai Divisional Office . The program was attended virtually by 30 participants. During the meeting the advantages of CNG/EV vehicles including less cost, increased economy through increased mileage were briefed"
297,Energy Saved,Prefer CNG/ EV vehicle over petrol/ diesel vehicles BPCL has SoldÂ 4649 number of High Performance domestic Cooking Stove through our distributors in the month ofÂ January-2023.
298,Water Saved,"Prefer a water purification system that wastes less water RMNH, Bhopal- @NMNHIndia @moefcc organised Green Pledge, Green Talk, Video Presentation through Kiosk and Signature Campaign to create Awareness on LiFE: Lifestyle For Environment under #LiFEMission on 15th April, 2023. #ChooseLiFE #ProPlanetPeople"
300,LiFEStyles Adopted,"Prefer consuming natural or organic products Special Yoga session was organized under the theme ""Adopt Healthy Lifestyle"" with yoga teachers of Bulgaria Yoga Federation.Â "
301,LiFEStyles Adopted,Prefer consuming natural or organic products Yoga session
307,Single-Use Plastic Reduced,Prefer using non-plastic eco-friendly cutlery during gatherings and events Talk and presentations on the SDGs to be organized in collaboration with Local sustainable focused groups.
313,Single-Use Plastic Reduced,Prefer using non-plastic eco-friendly cutlery during gatherings and events Use non-plastic eco-friendly cutlery during gatherings/events
314,Single-Use Plastic Reduced,Prefer using non-plastic eco-friendly cutlery during gatherings and events #SayNoToSUP
315,Single-Use Plastic Reduced,"Reuse glass containers/ packaging plastic items as storage boxes Importance of reducing, reusing and recycling plastic waste"
319,Single-Use Plastic Reduced,"Reuse glass containers/ packaging plastic items as storage boxes NSS Unit of Ramanujan College organized a session on the importance of reducing, reusing and recycling plastic waste"
320,Water Saved,"Reuse water drained out from AC/RO for cleaning utensils, watering plants and others RMNH, Bhopal- @NMNHIndia @moefcc organised Green Talk, Video Presentation through Kiosk and Signature Campaign to create Awareness on LiFE: Lifestyle For Environment under #LiFEMission on 24th March, 2023 #ChooseLiFE #ProPlanetPeople"
322,Water Saved,"Reuse water drained out from AC/RO for cleaning utensils, watering plants and others RMNH, Bhopal- @NMNHIndia @moefcc organised Green Talk, Video Presentation through Kiosk and Signature Campaign to create Awareness on LiFE: Lifestyle For Environment under #LiFEMission on 14th April, 2023. #ChooseLiFE #ProPlanetPeople"
324,Water Saved,"Reuse water from washed vegetables to water plants and other purpose RMNH, Bhopal- @NMNHIndia @moefcc organised Green Green Talk, Video Presentation through Kiosk and Signature Campaign to create Awareness on LiFE: Lifestyle For Environment under #LiFEMission on 31st March, 2023 #ChooseLiFE #ProPlanetPeople"
325,Water Saved,"Reuse water from washed vegetables to water plants and other purpose RMNH, Bhopal- @NMNHIndia @moefcc organised Green Talk, Video Presentation through Kiosk and Signature Campaign to create Awareness on LiFE: Lifestyle For Environment under #LiFEMission on 06th April, 2023. #ChooseLiFE #ProPlanetPeople"
326,Water Saved,"Reuse water from washed vegetables to water plants and other purpose RMNH, Bhopal- @NMNHIndia @moefcc organised Green Talk, Video Presentation through Kiosk and Signature Campaign to create Awareness on LiFE: Lifestyle For Environment under #LiFEMission on 25th March, 2023 #ChooseLiFE #ProPlanetPeople"
329,Water Saved,Reuse water from washed vegetables to water plants and other purpose Reuse water from washed vegetables to water plants/other purposes
330,Water Saved,"Reuse water from washed vegetables to water plants and other purpose RMNH, Bhopal- @NMNHIndia @moefcc organised Green Pledge, Green Talk, Video Presentation through Kiosk and Signature Campaign to create Awareness on LiFE: Lifestyle For Environment under #LiFEMission on 02nd April, 2023 #ChooseLiFE #ProPlanetPeople"
332,Water Saved,"Reuse water from washed vegetables to water plants and other purpose RMNH Mysore, @NMNHIndia - @moefcc organised Green Talk/interaction on #Mission LiFE - Lifestyle for Environment on 11th March 2023 in which 182 students and general public participated #ChooseLiFE #ProPlanetPeople"
333,Water Saved,Reuse water from washed vegetables to water plants and other purpose Green Talk/interaction on #Mission LiFE
334,Water Saved,Reuse water from washed vegetables to water plants and other purpose Water is essential! Save it now.
335,Water Saved,"Reuse water from washed vegetables to water plants and other purpose RMNH, Bhopal- @NMNHIndia @moefcc organised Green Talk, Video Presentation through Kiosk and Signature Campaign to create Awareness on LiFE: Lifestyle For Environment under #LiFEMission on 4th April, 2023 #ChooseLiFE #ProPlanetPeople"
336,Water Saved,Reuse water from washed vegetables to water plants and other purpose Ã Â¤Â¹Ã Â¤Â®Ã Â¤Â¾Ã Â¤Â°Ã Â¥â‚¬ Ã Â¤Â¨Ã Â¤Â¦Ã Â¤Â¿Ã Â¤Â¯Ã Â¥â€¹Ã Â¤â€š Ã Â¤â€Ã Â¤Â° Ã Â¤ÂªÃ Â¥ÂÃ Â¤Â°Ã Â¤Â¾Ã Â¤â€¢Ã Â¥Æ’Ã Â¤Â¤Ã Â¤Â¿Ã Â¤â€¢ Ã Â¤Å“Ã Â¤Â² Ã Â¤Â¸Ã Â¥ÂÃ Â¤Â°Ã Â¥â€¹Ã Â¤Â¤Ã Â¥â€¹Ã Â¤â€š Ã Â¤â€¢Ã Â¥â€¡ Ã Â¤Â¸Ã Â¤â€šÃ Â¤Â°Ã Â¤â€¢Ã Â¥ÂÃ Â¤Â·Ã Â¤Â£ Ã Â¤â€Ã Â¤Â° Ã Â¤Â¸Ã Â¤Â«Ã Â¤Â¾Ã Â¤Ë† Ã Â¤â€¢Ã Â¥â€¡ Ã Â¤Â²Ã Â¤Â¿Ã Â¤Â Ã Â¤Å“Ã Â¤Â¨ Ã Â¤Å“Ã Â¤Â¾Ã Â¤â€”Ã Â¤Â°Ã Â¥â€šÃ Â¤â€¢Ã Â¤Â¤Ã Â¤Â¾ Ã Â¤â€Ã Â¤Â° Ã Â¤Â¸Ã Â¤Â¾Ã Â¤Â°Ã Â¥ÂÃ Â¤ÂµÃ Â¤Å“Ã Â¤Â¨Ã Â¤Â¿Ã Â¤â€¢ Ã Â¤Â­Ã Â¤Â¾Ã Â¤â€”Ã Â¥â‚¬Ã Â¤Â¦Ã Â¤Â¾Ã Â¤Â°Ã Â¥â‚¬ Ã Â¤â€¢Ã Â¥â€¡ Ã Â¤Â²Ã Â¤Â¿Ã Â¤Â Ã Â¤ÂÃ Â¤Â¨Ã Â¤â€ Ã Â¤Â°Ã Â¤Â¸Ã Â¥â‚¬Ã Â¤Â¡Ã Â¥â‚¬ Ã Â¤Â¦Ã Â¥ÂÃ Â¤ÂµÃ Â¤Â¾Ã Â¤Â°Ã Â¤Â¾ Ã Â¤ÂªÃ Â¥ÂÃ Â¤Â°Ã Â¤Â¸Ã Â¥ÂÃ Â¤Â¤Ã Â¤Â¾Ã Â¤ÂµÃ Â¤Â¿Ã Â¤Â¤ Ã Â¤â€ Ã Â¤â€°Ã Â¤Å¸Ã Â¤Â°Ã Â¥â‚¬Ã Â¤Å¡ Ã Â¤â€”Ã Â¤Â¤Ã Â¤Â¿Ã Â¤ÂµÃ Â¤Â¿Ã Â¤Â§Ã Â¤Â¿Ã Â¤Â¯Ã Â¥â€¹Ã Â¤â€š Ã Â¤Â¸Ã Â¥â€¡ Ã Â¤Â¸Ã Â¤â€šÃ Â¤Â¬Ã Â¤â€šÃ Â¤Â§Ã Â¤Â¿Ã Â¤Â¤ Ã Â¤â€¢Ã Â¤Â¾Ã Â¤Â°Ã Â¥ÂÃ Â¤Â¯Ã Â¤â€¢Ã Â¥ÂÃ Â¤Â°Ã Â¤Â® Ã Â¤â€¢Ã Â¥â‚¬ Ã Â¤Â°Ã Â¤Â¿Ã Â¤ÂªÃ Â¥â€¹Ã Â¤Â°Ã Â¥ÂÃ Â¤Å¸
341,LiFEStyles Adopted,Start biodiversity conservation at community level Release of fauna into water pond for biodiversity conservation.
342,LiFEStyles Adopted,"Start biodiversity conservation at community level IOCL Paradip Refinery released fauna such as turtles and fishes in Ecopark pond and Ducks in Raw water pond on the occasion of world environment day at Paradip Refinery, Odisha as a part of biodiversity conservation."
343,Energy Saved,Switch off appliances from plug points when not in use Switch off appliances from their plug points when not in use
344,Energy Saved,Switch off appliances from plug points when not in use #LifestyleForEnvironmentÂ 
346,Energy Saved,Switch off vehicle engines at red lights and railway crossings â€œEnergy Conservation- Use of Digital Banners â€ under â€œLifestyle for the Environment (LiFe)â€
350,Energy Saved,Switch off vehicle engines at red lights and railway crossings BPCL Retail Outlets (Western Region) - January-2023.
351,Energy Saved,Switch off vehicle engines at red lights and railway crossings Banners were placed at 20 Retail Outlets under Coimbatore DO. Awarness camapign was conducted
352,Energy Saved,Switch off vehicle engines at red lights and railway crossings BPCL displayed LiFE logo and creatives at Retail Outlets of Western Region during month of January 2023.
356,Energy Saved,Switch off vehicle engines at red lights and railway crossings #LifestyleForEnvironment
360,Energy Saved,Switch off vehicle engines at red lights and railway crossings Turn off the vehicleâ€™s ignition while waiting at Red signal/Railway Crossings
361,Energy Saved,Switch off vehicle engines at red lights and railway crossings IOCL- GUJARAT REFINERY has performed the Activity Ã¢â‚¬Å“Energy Conservation- Use of Digital Banners Ã¢â‚¬Â under Ã¢â‚¬Å“Lifestyle for the Environment (LiFe)Ã¢â‚¬ÂÂ has been completed at different Locations in Gujarat Refinery from 11.03.2023 to 25.03.2023 in Gujarat Refinery -Main Admin Building & in Gujarat Refinery Township.
366,Energy Saved,Take the stairs instead of an elevator wherever possible test by sahil test by sahil test by sahil test by sahil test by sahil test by sahil test by sahil test by sahil test by sahil test by sahil
367,Energy Saved,Take the stairs instead of an elevator wherever possible TESTING TESTING TESTING TESTING TESTING TESTING TESTING TESTING TESTING TESTING TESTINGÂ 
368,Energy Saved,Use LED bulbs/ tube-lights Use LED Bulbs in place of Filament Bulbs
369,Energy Saved,Use LED bulbs/ tube-lights BPCL displayed LiFE logo and creatives at Retail Outlets of Northern Region during month of January 2023.
370,Energy Saved,Use LED bulbs/ tube-lights IOCL Haldia RefineryAwarenes on Energy and Water conservation through electronic display board and posters.
371,Energy Saved,Use LED bulbs/ tube-lights BPCL displayed LiFE logo and creatives at Retail Outlets of Northern Region during month of February 2023.
372,Energy Saved,Use LED bulbs/ tube-lights IOCL- DIGBOI REFINERY has performed the Activity â€œDisplay of LiFE standee- Creatives on Save Energy â€ at 13 different locations of Digboi Refinery installations and Refinery township places.
376,Energy Saved,Use LED bulbs/ tube-lights BPCL promotes Mission LiFE through Social Media.
405,Energy Saved,Use LED bulbs/ tube-lights IOCL -DIGBOI REFINERY has completed the activity of Distribution of Monthly safety day gift to contract workers inside refinery with #chooseLIFE logo and creatives on the themes of â€œSave Energyâ€œ and â€œConserve Waterâ€ to promote the message of Mission LiFE for Awareness.
419,Energy Saved,Use LED bulbs/ tube-lights Use LED Bulb/Tube-Lights in place of incandescent bulb
422,Energy Saved,"Use LED bulbs/ tube-lights BPCL developed creatives on seven themes of Mission LiFE. These creatives were posted on social media such as Twitter, Facebook, Linkedin, Instagram & Koo, which received huge response through likes, comments & shares."
423,Energy Saved,Use LED bulbs/ tube-lights Use of LED Bulbs/LED Tube lights for energy saved
424,Energy Saved,Use LED bulbs/ tube-lights BPCL Retail Outlets (Northern Region) - February-2023.
425,Energy Saved,"Use LED bulbs/ tube-lights Banners were placed at 20 ROs under IOCL, Coimbatore DO. Awarness messages were spread among public to use LED bulbs."
426,Energy Saved,Use LED bulbs/ tube-lights #LifestyleForEnvironmentÂ 
427,Energy Saved,"Use LED bulbs/ tube-lights An awareness meeting on use of LED bulbs/Tubes is conducted in Vellore II RSA of IOCL Chennai Divisional Office . The program was attended by 30 participants. During the meeting the advantages of LED lights including less power consumption, increased illumination were briefed"
428,Energy Saved,Use LED bulbs/ tube-lights 40 LED bulbs were distributed among people of Karnawas village panchayat area by IOCL Rewari Terminal officers.
429,Energy Saved,Use LED bulbs/ tube-lights At IOCL Haldia Refinery
430,Energy Saved,Use LED bulbs/ tube-lights #LifestyleForEnvironment
431,Energy Saved,"Use LED bulbs/ tube-lights Promotion and observance of Mission LiFE one-week focused campaign from 10-14 July in Embassy of India, Moscow including planting of trees by the Ambassador in JNCC premises on 14 July 2023."
432,Energy Saved,"Use LED bulbs/ tube-lights â€œIndia-Bhutan Friendship Tree Plantation Driveâ€ and Environment Pledge on June 05, 2023"
433,Energy Saved,"Use LED bulbs/ tube-lights SSG PAREEK P.G. GIRLS COLLEGE, CHOMU"
439,Energy Saved,"Use LED bulbs/ tube-lights IOCL- DIGBOI REFINERY has put up the display of LiFE standee on various themes of Save energy at different locations of refinery installations ( Refinery Main Gate, Bazar Gate,CPP Building Entrance,Technical Building,Admin Ofice ( HR Building, Entrance Gate), ETP,NTF) and township (Hospital, Guest House, Clubs). Then Â IOCL- DIGBOI REFINERYÂ has senstize the working personnel around this places regarding the concept of Mission LiFE . Total 10 Numbers of standees on five different themes on Save energy has been displayed."
440,Energy Saved,Use LED bulbs/ tube-lights MISSION LIFE
442,Energy Saved,"Use LED bulbs/ tube-lights IOCL -DIGBOI REFINERY conducts Monthly Safety Day at 1st of every month for creating awareness among contract workers regarding work place safety and Â gifts are distributed to workers for safety quiz . This year on 01.03.2023 , Digboi refinery has distributed the monthly safety day gifts with #chooseLIFE logo and and creatives on the themes of Ã¢â‚¬Å“Save EnergyÃ¢â‚¬Å“ and Ã¢â‚¬Å“Conserve WaterÃ¢â‚¬Â ."
443,Energy Saved,"Use LED bulbs/ tube-lights Use of 40 LED Tube lights in Board room and 124 LED bulbs at ICFRE Headquarter, DehradnÂ "
444,Energy Saved,Use LED bulbs/ tube-lights Street lights were replaced with LED lights for more efficiency in IWST.Â 
445,Energy Saved,Use LED bulbs/ tube-lights https://www.facebook.com/profile/100064593915988/search/?q=mission%20life
446,Energy Saved,"Use LED bulbs/ tube-lights Effective measures were taken to implement the action points planned for promotion and observance of Mission LiFE one-week focused campaign from 10-14 July in Embassy of India, Moscow. Posters (standies) were installed in all the 3 Embassy buildings and digital publicity was done by sharing Mission LiFE content on Mission website and social media handles to encourage adoption of healthy lifestyle, energy saving, water saving and waste reduction practices, and reduce use of single-use plastic. Mission LiFE videos were played on loop in visitor hall of the Consular Wing. Embassy was declared a plastic free zone. Flushes, taps and water pipes of the Embassy were checked for any leakage. Bins were installed at various locations in the Embassy. Trees were planted by the Ambassador in JNCC premises on 14 July 2023."
447,Energy Saved,Use LED bulbs/ tube-lights Street lights were replaced with LED
448,Energy Saved,"Use LED bulbs/ tube-lights YOU WANT TO CHANGE THE WORLD, START WITH YOURSELF"
449,Energy Saved,Use LED bulbs/ tube-lights Word Environment Day celebrated at Govt Girls College Taranagar (Churu). Lecture was given on MISSION LIFE by Mr. Hira Lal Assistant Professor Hindi and the Programme Officer NSS Unit. Students brought various charts and diagrams. Planted trees in college campus.Â 
450,Energy Saved,Use LED bulbs/ tube-lights Save Nature Save Life
451,Energy Saved,Use LED bulbs/ tube-lights test test
452,Energy Saved,"Use LED bulbs/ tube-lights Digital campaign on the Embassy Social Media handles: Facebook, Instagram and Twitter"
453,Energy Saved,"Use LED bulbs/ tube-lights On 10 May 2023, Awareness camp was conducted at Indian Oil Ahmednagar Depot outside Maingate on all the themes of Mission-Life activities. Shri S.P.Kashyapi, CDM, P.S.Jagtap, Sr.Mgr and Vikas Pable, DSO emphasised on following activities for the contract Labours, TT Drivers, Security Personnels etc. Approx 150 participants were present in the awareness camp activity."
455,Energy Saved,"Use LED bulbs/ tube-lights Besides taking Environment Day Pledge as part of promotion of Mission LiFE on June 05, 2023 by officials of CGI, Phuentsholing and observing cleanliness and Environment friendly measures regularly, CGI Phuentsholing also organized ""India-Bhutan Friendship Tree Plantation DriveÃ¢â‚¬Â on June 05, 2023 in collaboration with Phuentsholing Thromde (i.e. Phuentsholing Municipality) to promote awareness about a clean and green environment."
456,Energy Saved,"Use LED bulbs/ tube-lights SSG PAREEK PG GIRLS COLLEGE, CHOMU"
457,Energy Saved,"Use LED bulbs/ tube-lights Digital campaign on the Embassy Social Media handles: Facebook, Instagram and Twitter."
459,Energy Saved,Use LED bulbs/ tube-lights BPCL Retail Outlets (Northern Region) - January-2023.
460,Energy Saved,"Use LED bulbs/ tube-lights As part ofÂ #MissionLiFE, entries were invited for the Ã¢â‚¬Å“Poster Creation Online ContestÃ¢â‚¬Â from 1 to 5 May 2023, under the theme: Invest in our Planet.Â "
466,Energy Saved,"Use LED bulbs/ tube-lights Cdâ€™A Ms. Angeline Premalatha participated in World Environment Day celebrations at Indian Cultural Centre, also graced by HE Ahmed Bin Amer Al-Humaidi, former Minister of Environment. Exhibition of recycled waste products & trashion show to spread awareness of environment friendly products and fashion was also organised."
495,Energy Saved,Use LED bulbs/ tube-lights Opening remark on Mission Life Campaign
505,Energy Saved,"Use LED bulbs/ tube-lights Ambassador Mr. Sanjay Rana launched a week-long campaign on Mission LiFE and briefed regarding the activities planned during the week on the main themes, viz, Save Energy, Save Water, Say No to Single Use Plastic, Reduce waste, Reduce E-waste, Adopt healthy lifestyles and Adopt sustainable Food Systems."
512,Energy Saved,"Use LED bulbs/ tube-lights â€œPoster Creation Online Contestâ€ from 1 to 5 May 2023, under the theme: Invest in our Planet."
514,Energy Saved,Use LED bulbs/ tube-lights test test test test test test
521,Energy Saved,Use LED bulbs/ tube-lights Distribution of LED bulbs to village people by IOCL Rewari Terminal
537,Energy Saved,Use LED bulbs/ tube-lights Awareness meeting on use of LED bulb/ tube lights
539,Energy Saved,Use bicycles for local or short commute Bike Rally on 4 June 2023 On the occasion of World Environment Day.
540,Energy Saved,"Use bicycles for local or short commute Social Media Campaign for World Environment Day, promoting Mission LiFE."
542,Energy Saved,"Use bicycles for local or short commute The banners were displayed during the Green Energy Summit ofanised by Indian Oil Corporation Ltd at Hyatt Rgenecy Delhi. There were more than 500 participants present physically and 1000 participants joined online. The summit was attended by OMCs, Banks, Media houses, Financers, Bio Energy entrepreneurs.Â "
544,Energy Saved,Use bicycles for local or short commute The banners were displayed during the Green Energy Summit ofanised by Indian Oil Corporation Ltd at Hyatt Rgenecy Delhi.
545,Energy Saved,Use bicycles for local or short commute Banners were placed at prominent places 10 Retail Outlets in Coimbatore District for creating awareness among public for saving energy
546,Energy Saved,"Use bicycles for local or short commute Digital campaign on the Embassy Social Media handles: Facebook, Instagram and Twitter"
547,Energy Saved,"Use bicycles for local or short commute Poster displayed for creating awareness for usage of cycle, thereby saving fuel/energy."
548,Energy Saved,"Use bicycles for local or short commute Lifestyle for Environment ğŸŒğŸŒ¿

Energy Saved: Use bicycles for local or short commute ğŸš²"
554,Energy Saved,Use bicycles for local or short commute Walk or use bicycles whenever possible!
555,Energy Saved,Use bicycles for local or short commute USE BICYCLES
558,Energy Saved,"Use bicycles for local or short commute On the occasion of World Environment Day and to create awareness on Â Mission LiFE, High Commission of India organised a Bike Rally on 4 June 2023 in Lilongwe. Number of riders including kids participated Â at the rally."
560,Energy Saved,Use bicycles for local or short commute #LifestyleForEnvironment
563,Energy Saved,"Use bicycles for local or short commute #10Days10Steps Social Media Campaign was started on 1st June 2023, in the lead-up and after World Environment Day on June 5th, promoting various sustainable lifestyle changes that benefit the environment.Â "
569,Water Saved,"Use buckets instead of hose pipes to water plants/ floors/ vehicles RMNH, Bhopal- @NMNHIndia @moefcc organised Green Pledge, Green Talk, Video Presentation through Kiosk and Signature Campaign to create Awareness on LiFE: Lifestyle For Environment under #LiFEMission on 30th March, 2023 #ChooseLiFE #ProPlanetPeople"
571,Water Saved,"Use buckets instead of hose pipes to water plants/ floors/ vehicles RMNH, Bhopal- @NMNHIndia @moefcc organised Green Pledge, Green Talk, Video Presentation through Kiosk and Signature Campaign to create Awareness on LiFE: Lifestyle For Environment under #LiFEMission on 23rd March, 2023 #ChooseLiFE #ProPlanetPeople"
573,Water Saved,"Use buckets instead of hose pipes to water plants/ floors/ vehicles RMNH, Bhopal- @NMNHIndia @moefcc organised Green Talk, Video Presentation through Kiosk and Signature Campaign to create Awareness on LiFE: Lifestyle For Environment under #LiFEMission on 09th April, 2023. #ChooseLiFE #ProPlanetPeople"
574,Water Saved,Use buckets instead of hose pipes to water plants/ floors/ vehicles Green Talk/interaction on #Mission LiFE
576,Water Saved,"Use buckets instead of hose pipes to water plants/ floors/ vehicles RMNH Mysore, @NMNHIndia- @moefcc organised Green Talk/interaction on #Mission LiFE - Lifestyle for Environment on 12th March 2023 in which 248 students and general public participated #ChooseLiFE #ProPlanetPeople"
577,Single-Use Plastic Reduced,Use cloth bag for shopping instead of plastic bags à¤ªà¤²à¤¾à¤¸à¥à¤Ÿà¤¿à¤• à¤ªà¥à¤°à¤¦à¥‚à¤·à¤£ à¤•à¤¾ à¤¸à¤®à¤¾à¤§à¤¾à¤¨
578,Single-Use Plastic Reduced,Use cloth bag for shopping instead of plastic bags à¤ªà¥à¤²à¤¾à¤¸à¥à¤Ÿà¤¿à¤• à¤ªà¥à¤°à¤¦à¥‚à¤·à¤£ à¤•à¤¾ à¤¸à¤®à¤¾à¤§à¤¾à¤¨
580,Single-Use Plastic Reduced,Use cloth bag for shopping instead of plastic bags 40 no. of Jute bags were distributed among village people in karnawas panchayat area by officers of IOCL Rewari Terminal.Â 
581,Single-Use Plastic Reduced,"Use cloth bag for shopping instead of plastic bags IOCL Paradip Refinery Estate Office has installed Ã¢â‚¬ËœCloth bag vending machineÃ¢â‚¬â„¢ in front of Fruit shop in market complex, where user can dispense cloth bag at a nominal cost of Rs 10. Â This will help in reducing consumption of single use plastic & plastic waste generated. Cloth bag will be dispensed by payment through cash, coins & scanning QR code also."
583,Single-Use Plastic Reduced,Use cloth bag for shopping instead of plastic bags BPCL Retail Outlets (Southern Region) - January-2023.
588,Single-Use Plastic Reduced,"Use cloth bag for shopping instead of plastic bags Paradip Refinery installs â€˜Cloth bag vending machineâ€™ at PDR Township Shopping Complex, where user can dispense cloth bag at a nominal cost."
589,Single-Use Plastic Reduced,Use cloth bag for shopping instead of plastic bags Cleaned the surroundings planted trees.
590,Single-Use Plastic Reduced,Use cloth bag for shopping instead of plastic bags BPCL displayed LiFE logo and creatives at Retail Outlets of Southern Region during month of January 2023.
591,Single-Use Plastic Reduced,Use cloth bag for shopping instead of plastic bags Distribution of Jute bags to village people by IOCL Rewari Terminal Haryana
594,Single-Use Plastic Reduced,Use cloth bag for shopping instead of plastic bags #SayNoToSUP
595,Single-Use Plastic Reduced,"Use cloth bag for shopping instead of plastic bags Nukkad natak Â conducted at COCO Vytilla,Ernakulam in order to educate customers at retail outlet regarding use of single use plastic."
596,Single-Use Plastic Reduced,"Use cloth bag for shopping instead of plastic bags Replaced disposable glasses/cups with steel bottles and Disposable cutlery in the Guest House are replaced with ceramic cutlery by ICFRE-IWST, Bengaluru"
597,Single-Use Plastic Reduced,"Use cloth bag for shopping instead of plastic bags HFRI organized an event on theme ""Single Use Plastic Reduced"" at Jawahar Navodaya Vidyalaya, Kothipura, Bilaspur, HP on 15th February, 2023.Â "
598,Single-Use Plastic Reduced,"Use cloth bag for shopping instead of plastic bags Nukkad natak conducted at COCO Vytilla,Ernakulam in order to educate customers at retail outlet regarding use of single use plastic."
599,Single-Use Plastic Reduced,"Use cloth bag for shopping instead of plastic bags ""Single Use Plastic Reduced"""
600,Single-Use Plastic Reduced,Use cloth bag for shopping instead of plastic bags Ã Â¤ÂµÃ Â¥â‚¬Ã Â¤Â°Ã Â¤Â¬Ã Â¤Â¾Ã Â¤Â²Ã Â¤Â¾ Ã Â¤â€¢Ã Â¤Â¾Ã Â¤Â²Ã Â¥â‚¬ Ã Â¤Â¬Ã Â¤Â¾Ã Â¤Ë† Ã Â¤Â°Ã Â¤Â¾Ã Â¤Å“Ã Â¤â€¢Ã Â¥â‚¬Ã Â¤Â¯ Ã Â¤â€¢Ã Â¤Â¨Ã Â¥ÂÃ Â¤Â¯Ã Â¤Â¾ Ã Â¤Â®Ã Â¤Â¹Ã Â¤Â¾Ã Â¤ÂµÃ Â¤Â¿Ã Â¤Â¦Ã Â¥ÂÃ Â¤Â¯Ã Â¤Â¾Ã Â¤Â²Ã Â¤Â¯ Ã Â¤Â¡Ã Â¥â€šÃ Â¤â€šÃ Â¤â€”Ã Â¤Â°Ã Â¤ÂªÃ Â¥ÂÃ Â¤Â° Ã Â¤Â®Ã Â¥â€¡Ã Â¤â€š Ã Â¤ÂªÃ Â¤Â°Ã Â¥ÂÃ Â¤Â¯Ã Â¤Â¾Ã Â¤ÂµÃ Â¤Â°Ã Â¤Â£ Ã Â¤Â¦Ã Â¤Â¿Ã Â¤ÂµÃ Â¤Â¸ Ã Â¤ÂªÃ Â¤Â° Ã¢â‚¬Å“Ã Â¤ÂªÃ Â¤Â²Ã Â¤Â¾Ã Â¤Â¸Ã Â¥ÂÃ Â¤Å¸Ã Â¤Â¿Ã Â¤â€¢ Ã Â¤ÂªÃ Â¥ÂÃ Â¤Â°Ã Â¤Â¦Ã Â¥â€šÃ Â¤Â·Ã Â¤Â£ Ã Â¤â€¢Ã Â¤Â¾ Ã Â¤Â¸Ã Â¤Â®Ã Â¤Â¾Ã Â¤Â§Ã Â¤Â¾Ã Â¤Â¨Ã¢â‚¬Â Ã Â¤Â¥Ã Â¥â‚¬Ã Â¤Â® Ã Â¤ÂªÃ Â¤Â° Ã Â¤ÂµÃ Â¥â‚¬Ã Â¤Â°Ã Â¤Â¬Ã Â¤Â¾Ã Â¤Â²Ã Â¤Â¾ Ã Â¤â€¢Ã Â¤Â¾Ã Â¤Â²Ã Â¥â‚¬ Ã Â¤Â¬Ã Â¤Â¾Ã Â¤Ë† Ã Â¤Â°Ã Â¤Â¾Ã Â¤Å“Ã Â¤â€¢Ã Â¥â‚¬Ã Â¤Â¯ Ã Â¤â€¢Ã Â¤Â¨Ã Â¥ÂÃ Â¤Â¯Ã Â¤Â¾ Ã Â¤Â®Ã Â¤Â¹Ã Â¤Â¾Ã Â¤ÂµÃ Â¤Â¿Ã Â¤Â¦Ã Â¥ÂÃ Â¤Â¯Ã Â¤Â¾Ã Â¤Â²Ã Â¤Â¯ Ã Â¤Â¡Ã Â¥â€šÃ Â¤â€šÃ Â¤â€”Ã Â¤Â°Ã Â¤ÂªÃ Â¥ÂÃ Â¤Â° Ã Â¤â€¢Ã Â¥â€¡ Ã Â¤ÂªÃ Â¥ÂÃ Â¤Â°Ã Â¤Â¾Ã Â¤Å¡Ã Â¤Â¾Ã Â¤Â°Ã Â¥ÂÃ Â¤Â¯ Ã Â¤Â¡Ã Â¥â€°. Ã Â¤ÂªÃ Â¤Â¨Ã Â¥ÂÃ Â¤Â¨Ã Â¤Â¾ Ã Â¤Â²Ã Â¤Â¾Ã Â¤Â² Ã Â¤â€¢Ã Â¤Å¸Ã Â¤Â¾Ã Â¤Â°Ã Â¤Â¾ Ã Â¤Â¨Ã Â¥â€¡ Ã Â¤â€ºÃ Â¤Â¾Ã Â¤Â¤Ã Â¥ÂÃ Â¤Â°Ã Â¤Â¾Ã Â¤â€œÃ Â¤â€š Ã Â¤â€¢Ã Â¥â€¹ Ã Â¤Â¸Ã Â¤â€šÃ Â¤Â¬Ã Â¥â€¹Ã Â¤Â§Ã Â¤Â¿Ã Â¤Â¤ Ã Â¤â€¢Ã Â¤Â¿Ã Â¤Â¯Ã Â¤Â¾Ã Â¥Â¤ Ã Â¤ÂÃ Â¤Â¨Ã Â¤ÂÃ Â¤Â¸Ã Â¤ÂÃ Â¤Â¸ Ã Â¤ÂªÃ Â¥ÂÃ Â¤Â°Ã Â¤Â­Ã Â¤Â¾Ã Â¤Â°Ã Â¥â‚¬ Ã Â¤Â°Ã Â¤Â¾Ã Â¤Å“Ã Â¥â€¡Ã Â¤â€šÃ Â¤Â¦Ã Â¥ÂÃ Â¤Â° Ã Â¤Â°Ã Â¥â€¡Ã Â¤Â¬Ã Â¤Â¾Ã Â¤Â°Ã Â¥â‚¬ Ã Â¤Â¦Ã Â¥ÂÃ Â¤ÂµÃ Â¤Â¾Ã Â¤Â°Ã Â¤Â¾ Ã Â¤â€ºÃ Â¤Â¾Ã Â¤Â¤Ã Â¥ÂÃ Â¤Â°Ã Â¤Â¾Ã Â¤â€œÃ Â¤â€š Ã Â¤â€¢Ã Â¥â€¹ Ã Â¤ÂªÃ Â¤Â°Ã Â¥ÂÃ Â¤Â¯Ã Â¤Â¾Ã Â¤ÂµÃ Â¤Â°Ã Â¤Â£ Ã Â¤â€¢Ã Â¥â€¡ Ã Â¤Â²Ã Â¤Â¿Ã Â¤Â Ã Â¤Å“Ã Â¥â‚¬Ã Â¤ÂµÃ Â¤Â¨ Ã Â¤â€¢Ã Â¥â€¡ Ã Â¤â€¦Ã Â¤â€šÃ Â¤Â¤Ã Â¤Â°Ã Â¥ÂÃ Â¤â€”Ã Â¤Â¤ 7 Ã Â¤Â¶Ã Â¥ÂÃ Â¤Â°Ã Â¥â€¡Ã Â¤Â£Ã Â¤Â¿Ã Â¤Â¯Ã Â¥â€¹Ã Â¤â€š Ã Â¤Â®Ã Â¥â€¡Ã Â¤â€š 75 Ã Â¤â€”Ã Â¤Â¤Ã Â¤Â¿Ã Â¤ÂµÃ Â¤Â¿Ã Â¤Â§Ã Â¤Â¿Ã Â¤Â¯Ã Â¥â€¹Ã Â¤â€š Ã Â¤â€¢Ã Â¥â‚¬ Ã Â¤Å“Ã Â¤Â¾Ã Â¤Â¨Ã Â¤â€¢Ã Â¤Â¾Ã Â¤Â°Ã Â¥â‚¬ Ã Â¤Â¦Ã Â¥â‚¬Ã Â¥Â¤ Ã Â¤ÂªÃ Â¤â€¢Ã Â¥ÂÃ Â¤Â·Ã Â¤Â¿Ã Â¤Â¯Ã Â¥â€¹Ã Â¤â€š Ã Â¤â€¢Ã Â¥â€¡ Ã Â¤ÂªÃ Â¤Â¾Ã Â¤Â¨Ã Â¥â‚¬ Ã Â¤ÂªÃ Â¥â‚¬Ã Â¤Â¨Ã Â¥â€¡ Ã Â¤â€¢Ã Â¥â€¡ Ã Â¤Â²Ã Â¤Â¿Ã Â¤Â Ã Â¤ÂªÃ Â¤Â°Ã Â¤Â¿Ã Â¤â€šÃ Â¤Â¡Ã Â¥â€¡ Ã Â¤Â¬Ã Â¤Â¾Ã Â¤â€šÃ Â¤Â§Ã Â¥â€¡Ã Â¥Â¤ Ã Â¤â€¢Ã Â¤Â¾Ã Â¤Â°Ã Â¥ÂÃ Â¤Â¯Ã Â¤â€¢Ã Â¥ÂÃ Â¤Â°Ã Â¤Â® Ã Â¤â€¢Ã Â¥â€¡ Ã Â¤â€¦Ã Â¤â€šÃ Â¤Â¤ Ã Â¤Â®Ã Â¥â€¡Ã Â¤â€š Ã Â¤â€ºÃ Â¤Â¾Ã Â¤Â¤Ã Â¥ÂÃ Â¤Â°Ã Â¥â€¹Ã Â¤â€š Ã Â¤Â¦Ã Â¥ÂÃ Â¤ÂµÃ Â¤Â¾Ã Â¤Â°Ã Â¤Â¾ Ã Â¤ÂªÃ Â¤Â°Ã Â¥ÂÃ Â¤Â¯Ã Â¤Â¾Ã Â¤ÂµÃ Â¤Â°Ã Â¤Â£ Ã Â¤â€¢Ã Â¥â€¡ Ã Â¤Â²Ã Â¤Â¿Ã Â¤Â Ã Â¤Â¸Ã Â¥ÂÃ Â¤Â°Ã Â¤â€¢Ã Â¥ÂÃ Â¤Â·Ã Â¤Â¾ Ã Â¤ÂÃ Â¤ÂµÃ Â¤â€š Ã Â¤ÂªÃ Â¤Â°Ã Â¥ÂÃ Â¤Â¯Ã Â¤Â¾Ã Â¤ÂµÃ Â¤Â°Ã Â¤Â£ Ã Â¤â€¢Ã Â¥â€¡ Ã Â¤Â²Ã Â¤Â¿Ã Â¤Â Ã Â¤Å“Ã Â¥â‚¬Ã Â¤ÂµÃ Â¤Â¨ Ã Â¤Â¶Ã Â¥Ë†Ã Â¤Â²Ã Â¥â‚¬ Ã Â¤â€¢Ã Â¥â‚¬ Ã Â¤Â¶Ã Â¤ÂªÃ Â¤Â¥ Ã Â¤Â²Ã Â¥â‚¬Ã Â¥Â¤
604,Single-Use Plastic Reduced,Use cloth bag for shopping instead of plastic bags SAY A BIG NO TO PLASTIC CARRY BAGS!
606,Single-Use Plastic Reduced,"Use cloth bag for shopping instead of plastic bags Replaced disposable glasses/cups with steel bottles and Disposable cutlery in the Guest House are replacedÂ with ceramicÂ cutlery by ICFRE-IWST, Bengaluru."
608,Single-Use Plastic Reduced,Use cloth bag for shopping instead of plastic bags #SayNoToPlasticCarryBags
611,Single-Use Plastic Reduced,Use cloth bag for shopping instead of plastic bags Carry your own cloth bag for shopping instead of using plastic bags
612,Single-Use Plastic Reduced,"Use cloth bag for shopping instead of plastic bags Digital campaign on the Embassy Social Media handles: Facebook, Instagram and Twitter"
614,Single-Use Plastic Reduced,"Use cloth bag for shopping instead of plastic bags Lifestyle for EnvironmentğŸŒğŸŒ¿

Single Use Plastic Reduced: Carry your own bottle wherever possible."
616,Single-Use Plastic Reduced,Use cloth bag for shopping instead of plastic bags Cleaning of College/School surroundings and also adopted villages.
618,Water Saved,"Use efficient water saving technologies (like micro-irrigation, bunding, farm ponds, zero tillage, direct seeded rice, alternate wetting and drying and others) RMNH, Bhopal- NMNH, New Delhi- MoEF&CC organised Green Talk, Green Pledge, Video Presentation through Kiosk and Signature Campaign to create Awareness on LiFE: Lifestyle For Environment under #LiFEMission on 14th March, 2023 for 185 beneficiaries.
#LiFEMission #ChooseLiFE"
619,Water Saved,"Use efficient water saving technologies (like micro-irrigation, bunding, farm ponds, zero tillage, direct seeded rice, alternate wetting and drying and others) RMNH, Bhopal- NMNH, New Delhi- MoEF&CC organised Green Talk,Green Pledge, Video Presentation through Kiosk and Signature Campaign to create Awareness on LiFE: Lifestyle For Environment under #LiFEMission Â on 14th March, 2023 for 185 beneficiaries."
621,Water Saved,"Use efficient water saving technologies (like micro-irrigation, bunding, farm ponds, zero tillage, direct seeded rice, alternate wetting and drying and others) BPCL developed creatives on seven themes of Mission LiFE. These creatives were posted on social media such as Twitter, Facebook, Linkedin, Instagram & Koo, which received huge response through likes, comments & shares."
623,Water Saved,"Use efficient water saving technologies (like micro-irrigation, bunding, farm ponds, zero tillage, direct seeded rice, alternate wetting and drying and others) BPCL promotes Mission LiFE through Social Media"
629,Single-Use Plastic Reduced,Use menstrual cups instead of sanitary napkins test the flow
630,Single-Use Plastic Reduced,Use menstrual cups instead of sanitary napkins test
631,Energy Saved,Use public transport wherever possible Use public transport whenever possible
632,Energy Saved,"Use public transport wherever possible Ã Â¤Â¹Ã Â¤Â¿Ã Â¤Â®Ã Â¤Â¾Ã Â¤Â²Ã Â¤Â¯Ã Â¤Â¨ Ã Â¤ÂµÃ Â¤Â¨ Ã Â¤â€¦Ã Â¤Â¨Ã Â¥ÂÃ Â¤Â¸Ã Â¤â€šÃ Â¤Â§Ã Â¤Â¾Ã Â¤Â¨ Ã Â¤Â¸Ã Â¤â€šÃ Â¤Â¸Ã Â¥ÂÃ Â¤Â¥Ã Â¤Â¾Ã Â¤Â¨, Ã Â¤Â¶Ã Â¤Â¿Ã Â¤Â®Ã Â¤Â²Ã Â¤Â¾ Ã Â¤Â¨Ã Â¥â€¡ Â Ã Â¤ÂÃ Â¤Â¨Ã Â¤ÂµÃ Â¤Â¾Ã Â¤Â¯Ã Â¤Â°Ã Â¤Â®Ã Â¥â€¡Ã Â¤â€šÃ Â¤Å¸ Ã Â¤Â«Ã Â¥â€°Ã Â¤Â° Ã Â¤Â²Ã Â¤Â¾Ã Â¤â€¡Ã Â¤Â« Ã Â¤â€¢Ã Â¥â€¡ Ã Â¤Â¬Ã Â¤Â¾Ã Â¤Â°Ã Â¥â€¡ Ã Â¤Â®Ã Â¥â€¡Ã Â¤â€š Ã Â¤Â­Ã Â¥â‚¬ Ã Â¤Â²Ã Â¥â€¹Ã Â¤â€”Ã Â¥â€¹Ã Â¤â€š Ã Â¤â€¢Ã Â¥â€¹ Ã Â¤Å“Ã Â¤Â¾Ã Â¤â€”Ã Â¤Â°Ã Â¥â€šÃ Â¤â€¢ Ã Â¤â€¢Ã Â¤Â¿Ã Â¤Â¯Ã Â¤Â¾ Ã Â¤â€°Ã Â¤Â¨Ã Â¥ÂÃ Â¤Â¹Ã Â¥â€¹Ã Â¤â€šÃ Â¤Â¨Ã Â¥â€¡ Ã Â¤â€¢Ã Â¤Â¹Ã Â¤Â¾ Ã Â¤â€¢Ã Â¤Â¿ Ã Â¤Â¹Ã Â¤Â®Ã Â¥â€¡Ã Â¤â€š Ã Â¤â€¦Ã Â¤ÂªÃ Â¤Â¨Ã Â¤Â¾ Ã Â¤Å“Ã Â¥â‚¬Ã Â¤ÂµÃ Â¤Â¨ Ã Â¤Â¶Ã Â¥Ë†Ã Â¤Â²Ã Â¥â‚¬ Ã Â¤ÂÃ Â¤Â¸Ã Â¥â‚¬ Ã Â¤Â¬Ã Â¤Â¨Ã Â¤Â¾Ã Â¤Â¨Ã Â¥â‚¬ Ã Â¤Å¡Ã Â¤Â¾Ã Â¤Â¹Ã Â¤Â¿Ã Â¤Â Ã Â¤â€¢Ã Â¥â‚¬ Ã Â¤Â¹Ã Â¤Â®Ã Â¤Â¾Ã Â¤Â°Ã Â¥â€¡ Ã Â¤â€¢Ã Â¤Â¾Ã Â¤Â°Ã Â¥ÂÃ Â¤Â¯Ã Â¥â€¹Ã Â¤â€š Ã Â¤Â¸Ã Â¥â€¡ Ã Â¤â€¢Ã Â¤Â¾Ã Â¤Â°Ã Â¥ÂÃ Â¤Â¬Ã Â¤Â¨ Ã Â¤â€¢Ã Â¤Â¾ Ã Â¤â€°Ã Â¤Â¤Ã Â¥ÂÃ Â¤Â¸Ã Â¤Â°Ã Â¥ÂÃ Â¤Å“Ã Â¤Â¨ Ã Â¤â€¢Ã Â¤Â® Ã Â¤Â¸Ã Â¥â€¡ Ã Â¤â€¢Ã Â¤Â® Ã Â¤Â¹Ã Â¥â€¹ Ã Â¤â€Ã Â¤Â° Ã Â¤â€¢Ã Â¤Â¾Ã Â¤Â°Ã Â¥ÂÃ Â¤Â¬Ã Â¤Â¨ Ã Â¤â€¢Ã Â¤Â¾ Ã Â¤Â«Ã Â¤Â¿Ã Â¤â€¢Ã Â¥ÂÃ Â¤Â¸Ã Â¥â€¡Ã Â¤Â¶Ã Â¤Â¨ Ã Â¤Â¹Ã Â¥â€¹ Ã Â¤â€°Ã Â¤Â¨Ã Â¥ÂÃ Â¤Â¹Ã Â¥â€¹Ã Â¤â€šÃ Â¤Â¨Ã Â¥â€¡ Ã Â¤â€¢Ã Â¤Â¹Ã Â¤Â¾ Ã Â¤â€¢Ã Â¥â‚¬ Ã Â¤â€¦Ã Â¤â€”Ã Â¤Â° Ã Â¤Â¸Ã Â¤Â­Ã Â¥â‚¬ Ã Â¤â€¢Ã Â¤Â°Ã Â¥ÂÃ Â¤Â®Ã Â¤Å¡Ã Â¤Â¾Ã Â¤Â°Ã Â¥â‚¬ Ã Â¤â€Ã Â¤Â° Ã Â¤â€¦Ã Â¤Â§Ã Â¤Â¿Ã Â¤â€¢Ã Â¤Â¾Ã Â¤Â°Ã Â¥â‚¬ Ã Â¤Â¦Ã Â¥â€¡Ã Â¤Â¶Ã Â¤ÂµÃ Â¤Â¾Ã Â¤Â¸Ã Â¥â‚¬ Ã Â¤Â®Ã Â¤Â¿Ã Â¤Â²Ã Â¤â€¢Ã Â¤Â° Ã Â¤Â¦Ã Â¥â€¡Ã Â¤Â¶ Ã Â¤â€¢Ã Â¥â‚¬ Ã Â¤â€°Ã Â¤Â¨Ã Â¥ÂÃ Â¤Â¨Ã Â¤Â¤Ã Â¤Â¿ Ã Â¤Â®Ã Â¥â€¡Ã Â¤â€š Ã Â¤Â¯Ã Â¥â€¹Ã Â¤â€”Ã Â¤Â¦Ã Â¤Â¾Ã Â¤Â¨ Ã Â¤Â¦Ã Â¥â€¡Ã Â¤â€š Ã Â¤Â¤Ã Â¤Â­Ã Â¥â‚¬ Ã Â¤Â­Ã Â¤Â¾Ã Â¤Â°Ã Â¤Â¤Ã Â¤ÂµÃ Â¤Â°Ã Â¥ÂÃ Â¤Â· Ã Â¤ÂÃ Â¤â€¢ Ã Â¤ÂµÃ Â¤Â¿Ã Â¤â€¢Ã Â¤Â¸Ã Â¤Â¿Ã Â¤Â¤ Ã Â¤Â°Ã Â¤Â¾Ã Â¤Â·Ã Â¥ÂÃ Â¤Å¸Ã Â¥ÂÃ Â¤Â° Ã Â¤ÂÃ Â¤â€¢ Ã Â¤ÂµÃ Â¤Â¿Ã Â¤â€¢Ã Â¤Â¸Ã Â¤Â¿Ã Â¤Â¤ Ã Â¤Â¦Ã Â¥â€¡Ã Â¤Â¶ Ã Â¤Â¬Ã Â¤Â¨ Ã Â¤ÂªÃ Â¤Â¾Ã Â¤ÂÃ Â¤â€”Ã Â¤Â¾ Ã Â¥Â¤"
633,Energy Saved,"Use public transport wherever possible IOCL- DIGBOI REFINERY has completed the activity of"" Display of LiFE logo and creatives on the themes of Ã¢â‚¬Å“Save EnergyÃ¢â‚¬Å“ and Ã¢â‚¬Å“Conserve WaterÃ¢â‚¬Â of Mission LiFE"" by putting up 5 Numbers of banners at various locations around Digboi Refinery (Refinery Main Gate, Centenary Park, Bihutali Auditorium, New Market Public Parking, Digboi Refinery Museum)"
634,Energy Saved,"Use public transport wherever possible A sensitization programme on use of public transport by ICFRE-HFRI, Shimla"
635,Energy Saved,Use public transport wherever possible #LifestyleForEnvironmentÂ 
638,Energy Saved,"Use public transport wherever possible IOCL- DIGBOI REFINERY has completed the activity of"" Display of LiFE logo and creatives on the themes of â€œSave Energyâ€œ and â€œConserve Waterâ€ of Mission LiFE"" by putting up 5 Numbers of banners at various locations around Digboi Refinery"
640,Energy Saved,Use public transport wherever possible Banners on usage of public transport were displayed in six Retail Outlets under IOCL Coimbatore DO to create awareness among public. Phamplets were distributed.
644,Single-Use Plastic Reduced,"Use recycled plastic over virgin plastic, wherever possible BPCL Retail Outlets (Eastern Region) - February-2023."
645,Single-Use Plastic Reduced,"Use recycled plastic over virgin plastic, wherever possible BPCL displayed LiFE logo and creatives at Retail Outlets of Eastern Region during month of February 2023."
648,Single-Use Plastic Reduced,"Use recycled plastic over virgin plastic, wherever possible BPCL is registered as Brand Owner with Central Pollution Control Board (CPCB) under Plastic waste management rule for EPR. BPCL has collected and processed approx.Â 400 Metric TonneÂ of plastic waste in the month ofÂ January-2023Â under EPR.Â "
649,Single-Use Plastic Reduced,"Use recycled plastic over virgin plastic, wherever possible BPCL Retail Outlets (Western Region) - February-2023."
650,Single-Use Plastic Reduced,"Use recycled plastic over virgin plastic, wherever possible BPCL displayed LiFE logo and creatives at Retail Outlets of Western Region during month of February 2023."
652,Single-Use Plastic Reduced,"Use recycled plastic over virgin plastic, wherever possible BPCL disposes Plastic Waste through Extended Producer Responsibility as a Brand Owner."
656,Single-Use Plastic Reduced,"Use recycled plastic over virgin plastic, wherever possible BPCL is registered as Brand Owner with Central Pollution Control Board (CPCB) under Plastic waste management rule for EPR. BPCL has collected and processed approx.Â 350 Metric TonneÂ of plastic waste in the month ofÂ February-2023Â under EPR.Â "
664,Water Saved,"Use water-efficient fixtures for taps, and showerheads, and toilet flush units BPCL displayed LiFE logo and creatives at Retail Outlets of Southern Region during month of February 2023."
665,Water Saved,"Use water-efficient fixtures for taps, and showerheads, and toilet flush units RMNH, Bhopal- NMNH, New Delhi- MoEF&CC organised Green Talk, Green Pledge, Video Presentation through Kiosk and Signature Campaign to create Awareness on LiFE: Lifestyle For Environment under #LiFEMission on 16th March, 2023 for 180 beneficiaries.#LiFEMission #ChooseLiFE"
666,Water Saved,"Use water-efficient fixtures for taps, and showerheads, and toilet flush units #SaveWaterÂ "
667,Water Saved,"Use water-efficient fixtures for taps, and showerheads, and toilet flush units Taps with Water Saver Nozzle"
668,Water Saved,"Use water-efficient fixtures for taps, and showerheads, and toilet flush units Install water-efficient fixtures (taps and showers)It can reduce water consumption by 30-40%"
670,Water Saved,"Use water-efficient fixtures for taps, and showerheads, and toilet flush units RMNH, Bhopal- @NMNHIndia @moefcc organised Green Talk, Video Presentation through Kiosk and Signature Campaign to create Awareness on LiFE: Lifestyle For Environment under #LiFEMission on 12th April, 2023 #ChooseLiFE #ProPlanetPeople"
671,Water Saved,"Use water-efficient fixtures for taps, and showerheads, and toilet flush units BPCL Retail Outlets (Southern Region) - February-2023."
673,Water Saved,"Use water-efficient fixtures for taps, and showerheads, and toilet flush units Taps with Water Saver Nozzle were replaced to save water in admin block of IWST"
674,Water Saved,"Use water-efficient fixtures for taps, and showerheads, and toilet flush units RMNH, Bhopal- NMNH, New Delhi- MoEF&CC organised Green Talk, Green Pledge, Video Presentation through Kiosk and Signature Campaign to create Awareness on LiFE: Lifestyle For Environment under #LiFEMission Â on 16th March, 2023 for 180 Â beneficiaries."
677,Air Quality,Eco-friendly Firecrackers on Diwali
678,Air Quality,Promotion of Electric Vehicles
679,Air Quality,Public Awareness Campaigns on Vehicle Emissions
680,Air Quality,Incentives for Green Building Practices
681,Air Quality,Tree Plantation and Green Spaces Development
682,Air Quality,Sustainable Transportation Initiatives
683,Air Quality,Carpooling and Ride-sharing Promotion
684,Air Quality,Advocacy for Clean Energy Sources
685,Air Quality,Reducing Idling Time for Vehicles
686,Air Quality,Waste Reduction and Recycling Awareness
687,Air Quality,Smart Urban Planning
688,Air Quality,Eco-friendly Industrial Practices
689,Air Quality,Adoption of Rooftop Gardens
690,Air Quality,Reduction of Agricultural Burning
691,Air Quality,Anti-Idling Campaigns
692,Air Quality,Green Roof Initiatives
693,Air Quality,Clean Cooking Initiatives
694,Air Quality,Bicycle Infrastructure Promotion
695,Air Quality,Electronic Document Adoption
696,Air Quality,Industrial Emission Controls
697,Air Quality,Green Building Certification Programs
698,Air Quality,Renewable Energy Subsidies
699,Air Quality,Environmental Impact Assessments for Construction
700,Air Quality,Neighborhood Air Quality Monitoring
701,Air Quality,School-based Environmental Education
702,Air Quality,Community Air Quality Action Groups
703,Air Quality,Eco-friendly Transportation Policies
704,Air Quality,Sensitizing Industries on Pollution Prevention
705,Air Quality,Green Procurement Policies
706,Air Quality,Pedestrian-friendly Urban Planning
707,Air Quality,Alternative Fuel Infrastructure Development
708,Air Quality,Indoor Air Quality Guidelines
709,Air Quality,Sustainable Agriculture Practices
710,Air Quality,Electric Public Transportation
711,Air Quality,Green Technology Adoption
712,Air Quality,Neighborhood Green Initiatives
713,Air Quality,Weather-dependent Transportation Alerts
714,Air Quality,Green Space Preservation
715,Air Quality,Encouraging Low Emission Construction Equipment
716,Air Quality,Air Quality Index (AQI) Apps
717,Air Quality,Circular Economy Practices
718,Air Quality,Voluntary Emission Reduction Pledges
719,Air Quality,Sustainable Event Management
720,Air Quality,Community-led Air Quality Improvement Initiatives
721,Air Quality,Urban Forestation Programs
722,Air Quality,Environmentally Conscious Consumer Choices
723,Air Quality,Public Bicycle Sharing Programs
724,Air Quality,Green Roofs and Walls
725,Air Quality,Sustainable Tourism Practices
